<!DOCTYPE struts PUBLIC
"-//Apache Software Foundation//DTD Struts Configuration 2.0//EN"
"http://struts.apache.org/dtds/struts-2.0.dtd">

<struts>
    <!-- Configuration for the default package. -->
    <package name="default" extends="struts-default" namespace="/">
        <action name="" class="sample.struts2.ViewHomeAction">
            <result name="success">Home.jsp</result>
        </action>
        <action name="home" class="sample.struts2.ViewHomeAction">
            <result name="success">Home.jsp</result>
        </action>
        
    </package>
</struts>
